FID	IID	C1	C2	C3	C4	C5	C6	C7	C8	C9	C10	expr_ERAP1
HG00105	HG00105	0.00912305	-0.0106728	0.0252022	0.0532203	-0.0383994	-0.0158564	-0.0208485	0.00660929	-0.0133585	-0.0295335	31.5948463744634
HG00115	HG00115	0.00973818	-0.00783145	0.0397901	0.0353067	-0.0304915	-0.00842556	0.085361	0.0480019	-0.013325	-0.152507	50.600941463989
HG00132	HG00132	0.0111027	-0.0175471	0.0252169	0.0407093	-0.0471336	-0.0190615	-0.000642491	-0.0287627	0.0166259	0.0019327	25.1407163190827
HG00145	HG00145	0.0108515	-0.0146049	0.0157398	0.0275393	-0.0232496	-0.0179421	-0.00846806	-0.00426995	-0.00426179	-0.0417445	14.8290133033814
HG00157	HG00157	0.0108542	-0.00668414	0.0173815	0.0371952	-0.0448726	-0.0186926	0.00527042	-0.0355761	0.0470637	0.0219511	43.8365670810291
HG00181	HG00181	0.0164879	0.0366611	-0.0155458	-0.059631	-0.0162845	0.00606495	-0.0212534	0.00561646	0.00976397	0.00167958	30.3078606315448
HG00308	HG00308	0.0223395	0.0677233	-0.0188072	-0.0547879	-0.0526232	0.00226126	0.00520579	0.0355903	-0.0157763	0.00143658	26.2299064241684
HG00365	HG00365	0.0228418	0.0846895	-0.0258446	-0.0671448	-0.0419763	0.0139349	-0.0118927	0.0282472	0.0092973	0.0426423	29.8447721536554
HG00371	HG00371	0.0224666	0.0669423	-0.0220377	-0.0434324	-0.0292937	4.49051e-05	-0.0168542	0.0140073	0.0137352	-0.00110558	48.1081691991026
HG00379	HG00379	0.0212298	0.0647349	-0.0091336	-0.0223241	-0.0436659	-0.0204011	-0.0288807	-0.00358217	0.013934	-0.0689807	28.9755314035798
HG00380	HG00380	0.0195942	0.0421353	-0.00256841	-0.00499521	-0.0616624	0.0124563	-0.00587572	0.0454134	0.0111978	-0.0671404	35.4694462993367
HG01789	HG01789	0.0120653	-0.0163615	0.0235458	0.0520647	-0.0404045	-0.0242527	-0.0154727	-0.00957368	-0.0184406	0.0128965	35.6653499694484
HG01790	HG01790	0.0113757	-0.0116957	0.0180924	0.0327304	-0.0364092	-0.019459	0.00361865	0.015058	0.0194559	-0.0127803	23.7725998502531
HG01791	HG01791	0.0106336	-0.0149167	0.0151035	0.0337003	-0.0171926	-0.0218692	0.0175045	0.0521421	0.000930266	0.0303514	42.6414250432812
HG02215	HG02215	0.0106509	-0.0120584	0.0212589	0.0357591	-0.0316485	-0.00967277	-0.0114779	0.0134017	-0.0379022	0.00143122	22.2321676035469
NA06985	NA06985	0.0127994	-0.0143549	0.0205007	0.0336205	-0.0343603	-0.0017345	-0.0145434	-0.00516911	0.0073311	-0.0522259	40.5475562176527
NA07346	NA07346	0.0121664	-0.000303583	0.00995696	0.0260413	-0.0428205	-0.0149239	-0.040336	-0.0102585	0.0266345	0.0086014	20.7965997058688
NA11832	NA11832	0.0101142	-0.0170495	0.0178187	0.0218464	0.00132075	-0.0180125	-0.0150723	0.0420454	0.000606225	0.00427859	20.2150329821531
NA11840	NA11840	0.0140767	0.00352429	0.00983011	0.0167868	-0.0406583	-0.0394518	0.0108464	-0.0324122	0.0122988	0.0116448	20.5359045267814
NA11881	NA11881	0.0117346	-0.00965727	0.0162861	0.0226559	-0.0483644	-0.0136934	-0.0129638	0.0340639	0.0348461	-0.0210994	23.801888089648
NA11918	NA11918	0.0110738	-0.0128731	0.0187501	0.0486835	-0.0299775	-0.00437841	-0.00493209	0.00865439	0.00766518	-0.0291623	25.8911500589722
NA12005	NA12005	0.0090828	-0.0136906	0.0257136	0.0397233	-0.0308471	-0.0404678	-0.0424262	0.0139832	-0.053204	-0.0628683	26.2864551325359
NA12156	NA12156	0.0102868	-0.0135276	0.027577	0.0469516	-0.048267	-0.0209667	0.0200978	-0.012473	0.0132298	-0.0806013	39.5841551445158
NA12234	NA12234	0.0117744	-0.0136449	0.0282226	0.0259644	-0.0324608	-0.0205989	-0.0125352	-0.0141115	0.0265694	-0.0171137	43.2857081327324
NA12760	NA12760	0.0112716	-0.0169008	0.0240099	0.0262267	-0.0550084	-0.0303204	-0.00318985	-0.0199143	0.035068	-0.0103958	38.0627792619076
NA12762	NA12762	0.0141104	-0.0123136	0.0250109	0.0226472	-0.0400021	-0.0283752	-0.00824695	-0.0408749	0.0630796	0.0322105	30.1221126603599
NA12776	NA12776	0.0136104	-0.00227165	0.021328	0.0347048	-0.0425514	-0.0238683	-0.000940356	-0.012219	-0.00992585	0.0038568	32.6911056799804
NA12813	NA12813	0.010208	-0.0163095	0.0304163	0.0319639	-0.0389464	-0.0255281	0.000836908	-0.056959	0.0185722	-0.0148518	31.2926960468435
NA20514	NA20514	0.0080876	-0.0502234	0.0098939	-0.0424751	0.0251951	-0.00722366	-0.0087141	-0.00012972	0.0132912	-0.0503321	36.7649566934167
HG00096	HG00096	0.042546	-0.00912986	0.038363	0.0743647	0.0575353	-0.0250238	0.0584245	0.0599311	-0.043592	-0.00605726	28.6839066286913
HG00097	HG00097	-0.165945	0.0280185	0.0478739	0.0528249	0.0397174	0.0271093	0.0394027	-0.0108682	0.0505612	-0.0408432	44.958571170832
HG00099	HG00099	-0.165696	0.0296832	0.057413	0.0610283	0.0484948	-0.000668655	0.0538361	-0.00885433	-0.0808208	-0.0464024	17.0822878206879
HG00100	HG00100	0.0372322	-0.00826237	0.035647	0.0927032	0.0809567	-0.0148124	0.11407	-0.0102511	-0.053901	-0.0330894	18.8807674932736
HG00101	HG00101	-0.10824	0.0290794	0.147857	0.0481643	0.0578892	-0.0200875	0.0471465	0.0199048	-0.000117135	-0.104461	36.7033375515028
HG00102	HG00102	-0.102577	0.0317177	0.136381	0.0484315	0.0435948	-0.0105602	0.0898777	0.0947462	-0.00532725	0.0463727	21.9218306518518
HG00103	HG00103	0.0454771	-0.00345795	0.0229002	0.073485	0.0556488	-0.0131094	0.00712984	0.0496381	-0.00822008	0.0513816	46.7957438421674
HG00104	HG00104	-0.174417	0.0233821	0.0285662	0.044398	0.0285829	0.00459598	0.0336212	0.00550824	0.004282	-0.0301845	35.6480298352263
HG00106	HG00106	-0.00241117	-0.0102273	-0.0656883	0.0985966	0.0335799	-0.0269877	0.031739	0.0228037	-0.0920611	-0.0352489	22.9855934620011
HG00108	HG00108	0.0420943	-0.000570852	0.0411452	0.0684229	0.0406171	0.0101612	0.0272463	0.0198618	-0.0479807	-0.0926987	27.8422328325154
HG00109	HG00109	-0.0856514	0.0221643	0.127994	0.0363414	0.0528819	-0.0150741	0.0538726	0.142367	-0.0519587	-0.0263773	35.0076169764229
HG00110	HG00110	-0.0702375	0.0226879	0.121605	0.0405396	0.0377098	-0.011467	0.0118772	0.0380126	-0.0287434	-0.103367	24.4109601908945
HG00111	HG00111	0.0400327	0.00357273	0.0408948	0.0773147	0.0306339	0.014754	0.0830835	0.0285685	-0.0454301	-0.00615285	49.2866512354225
HG00112	HG00112	0.0135335	-0.00206077	-0.0548679	0.108133	0.0794514	0.0263733	0.136577	-0.0406038	-0.0698745	-0.0538305	41.4565377821541
HG00114	HG00114	0.0421404	-0.000916445	0.0192367	0.0852493	0.064428	-0.0292346	0.145663	0.0794453	-0.0288327	-0.00510787	31.31543050618
HG00116	HG00116	0.0336235	-0.00802482	0.0660464	0.0672591	0.0430524	-0.00315147	0.452003	0.204962	0.011798	-0.0216619	25.6082020523889
HG00117	HG00117	0.0318084	-0.00755823	0.0526888	0.0639372	0.0140355	0.0212068	0.0883386	0.0421264	0.00898212	-0.024699	24.6032709216111
HG00118	HG00118	0.000669872	-0.00714992	-0.057682	0.108986	0.0565914	-0.0127638	0.0146515	0.00465538	-0.129592	-0.108423	43.3108242557154
HG00119	HG00119	0.0398547	-0.00654399	0.0741727	0.110826	0.101614	0.666969	-0.0677503	-0.00173703	0.00303754	0.0349767	43.7003057173952
HG00120	HG00120	0.0347454	-0.00836543	0.0661165	0.0801742	0.0350713	-0.00556519	0.458452	0.203767	-0.00554172	-0.00457744	34.0935360496524
HG00121	HG00121	-0.0616577	0.0245256	0.105896	0.0370269	0.0134538	-0.00172931	0.0351975	0.0483506	-0.0081923	-0.0662175	33.3607613707717
HG00122	HG00122	0.000870967	-0.00693177	-0.0715784	0.10204	0.0381765	-0.00426914	-0.00387108	-0.0728912	-0.0577934	-0.0411373	44.3525054311614
HG00123	HG00123	0.0319211	-0.00539702	0.0319393	0.0774617	0.0232529	0.0300113	0.144913	-0.119938	-0.0247595	-0.0542781	41.1087804254501
HG00124	HG00124	0.0360737	-0.00478828	0.0733232	0.105059	0.0899296	0.645989	-0.091009	0.00231921	-0.00384302	0.0276741	24.5677585972727
HG00125	HG00125	0.031266	0.0020392	0.0372552	0.0694349	-0.0121729	-0.00763525	0.0503422	-0.0153973	-0.0830973	-0.121828	26.256748377758
HG00126	HG00126	-0.00461605	-0.0125606	-0.0721517	0.0885098	0.0433185	-0.0248821	-0.0130382	-0.0496555	-0.0813473	-0.0601083	37.0354643418018
HG00127	HG00127	0.0427796	-0.00801174	0.0277252	0.0729922	0.0398511	-0.0176417	0.00870378	-0.00213506	0.0232196	0.0253249	35.5878754753494
HG00128	HG00128	-0.164886	0.0211471	0.0228023	0.0318326	0.0336424	-0.00175517	0.0235553	-0.0147957	0.0446134	0.0877159	22.8867920578119
HG00129	HG00129	-0.158441	0.0260545	0.0278031	0.0352864	0.0183975	-0.0248557	0.006003	-0.0218931	0.0129612	-0.0274858	32.0398830548029
HG00130	HG00130	-0.161899	0.0181414	0.0459479	0.0350609	0.0223884	-0.0049026	0.00508101	-0.045714	0.0195751	-0.0363168	27.4754388984159
HG00131	HG00131	0.0376367	-0.0107047	0.0361387	0.0418374	0.0191438	0.00806266	0.0370016	-0.060498	0.0316714	0.051816	48.1842269020156
HG00133	HG00133	0.0317903	-0.0131746	0.0369284	0.0402423	0.0166801	0.019597	0.031818	-0.036873	0.0567467	0.0347286	19.5002859646822
HG00134	HG00134	-0.167186	0.0277335	0.0370249	0.0677058	0.052266	-0.0435413	-0.0171108	-0.309824	0.162511	0.0232162	30.6416131927107
HG00135	HG00135	-0.172497	0.0231867	0.0313307	0.0449404	0.0209236	-0.00338193	-0.0431676	0.0101167	0.0284087	-0.0766144	35.3398720597466
HG00136	HG00136	0.0366928	-0.00454673	0.0190799	0.047257	-0.00665387	-0.0204722	0.0150345	0.000472009	0.00128416	0.00853076	32.4707031541743
HG00137	HG00137	0.0309238	-0.00825194	0.0329002	0.0548216	-0.0185315	-0.00823817	-0.0110919	0.0333416	-0.0442743	-0.00481704	28.0379581510086
HG00138	HG00138	0.039133	-0.00413852	0.0272845	0.0467468	0.0194533	-0.0231309	-0.0358338	0.00699899	0.00334193	0.0417605	32.3127453521086
HG00139	HG00139	0.0233227	-0.0119159	0.0344777	0.0425005	-0.0432497	-0.0104746	-0.0446634	-0.0183038	-0.0177671	-0.0102542	43.6050019785252
HG00141	HG00141	-0.0464077	-0.0100515	-0.158838	0.0979323	0.0152078	-0.0169895	-0.0396435	0.00832791	0.0322593	-0.0277588	28.2832944316559
HG00142	HG00142	-0.00413664	-0.00930323	-0.0675296	0.093496	0.0845657	-0.0497716	0.0115326	-0.324427	0.126455	0.0655608	17.9875362512516
HG00143	HG00143	-0.00086765	-0.0119461	-0.0885783	0.0817998	0.0594465	-0.0258004	0.0448883	-0.0578631	-0.0204178	0.00675968	30.9324126957255
HG00146	HG00146	0.0317693	-0.0120635	0.0226472	0.0326612	-0.00207042	-0.00891111	0.0525046	0.00886926	0.00259717	0.0614589	30.4851615227239
HG00148	HG00148	0.000619068	-0.0088935	-0.0592392	0.0854286	0.00584613	-0.0295833	0.0272055	-0.0335665	-0.0387675	-0.0125831	28.0571793779595
HG00149	HG00149	0.00427998	-0.00804481	-0.0727426	0.0817896	0.0415632	-0.0163598	-0.0110616	-0.0892654	-0.0224172	-0.0352656	32.5802618329354
HG00150	HG00150	0.00562184	-0.00706211	-0.0676121	0.0890912	0.0400707	-0.0181305	-0.0365537	-0.104604	-0.0185453	-0.0690129	31.3009970216278
HG00151	HG00151	0.018024	0.000292248	-0.0602671	0.0853706	0.0916567	-0.0118212	-0.0129635	-0.0496886	-0.0362562	-0.0674625	16.0063949576285
HG00152	HG00152	0.00302314	-0.0103654	-0.0718902	0.0907804	0.0510653	-0.0167404	-0.0228692	-0.0883836	-0.0118177	0.0439629	45.3166288987401
HG00154	HG00154	0.0329084	-0.0069025	0.0230294	0.0316211	-0.0175907	-0.00757304	-0.0234859	-0.0430799	-0.00159427	-0.0136588	23.5647014717883
HG00155	HG00155	0.0276585	-0.0112507	0.0195412	0.0321916	-0.0394258	-0.0242227	-0.00212738	-0.0472053	0.00829687	0.00659712	21.6797063223127
HG00156	HG00156	-0.00105062	-0.011456	-0.0610187	0.0922414	0.0169566	-0.0249177	-0.0237484	-0.0257458	-0.0693742	-0.0517629	29.0985423941775
HG00158	HG00158	0.031857	-0.0109197	0.0332454	0.0380706	0.00726283	-0.00167502	0.0309977	-0.0157699	0.0418239	0.0269346	57.596878585365
HG00159	HG00159	0.0371536	-0.0127295	0.0361906	0.0330145	0.0139085	-0.0186811	0.0160183	-0.0180525	0.0364791	0.0650935	31.0563149434507
HG00160	HG00160	0.0352395	-0.00976795	0.0209547	0.043158	-0.010547	-0.0151575	0.0268816	-0.0807219	0.0112177	0.0165838	17.9138199125834
HG00171	HG00171	0.0565679	0.0860874	-0.0377788	-0.0298249	0.0420884	-0.0171235	0.0260735	-0.0309356	0.0517986	0.0560938	35.8462777087429
HG00173	HG00173	0.0110407	0.0772583	-0.117936	-0.00226982	0.0235466	0.0147923	0.0111054	-0.034783	-0.0670187	-0.0125496	23.3947643777312
HG00174	HG00174	0.0541405	0.0649235	-0.024379	-0.00395833	0.058532	0.000737302	-0.018996	-0.0128213	-0.00215757	-0.0137715	46.5886505893543
HG00176	HG00176	0.0523631	0.077887	-0.0315968	-0.0335528	0.0418368	-0.016924	-0.0168857	-0.00710066	-0.0137491	-0.0241818	28.5559690943808
HG00177	HG00177	0.0117184	0.0777766	-0.122179	-0.00893187	0.0251419	-0.00827053	0.0083803	-0.0592207	-0.0480277	-0.0506238	48.4634972754509
HG00178	HG00178	0.052241	0.0708593	-0.0190357	-0.00849713	0.0314084	0.00958273	-0.0348937	0.00194244	-0.00931338	-0.0384384	37.3745231369418
HG00179	HG00179	0.015093	0.0698697	-0.110077	0.0143769	0.0304821	0.00403264	-0.0313085	-0.0297198	-0.0350176	-0.134374	27.2692056401725
HG00180	HG00180	0.0153012	0.067155	-0.0991915	0.00835476	0.027427	0.00273645	0.0128718	-0.0272286	-0.0264126	0.0133985	29.3124141138377
HG00182	HG00182	0.0536744	0.0824524	-0.0330603	-0.0150625	0.0594669	-0.0102435	0.00610099	-0.0107649	-0.0428459	-0.021486	37.5375141059731
HG00183	HG00183	0.0523009	0.0835939	-0.0271467	-0.0242071	0.0389199	-0.0236146	0.024584	-0.0121185	0.0304332	0.0540806	39.0680751621077
HG00185	HG00185	0.0491087	0.0850646	-0.0196365	-0.0359256	0.0155795	0.00637604	-0.00362558	-0.000448251	0.00549382	-0.0586244	32.8610535718744
HG00186	HG00186	0.054076	0.0865062	-0.0322674	-0.0259018	0.042866	-0.0240586	-0.020669	-0.0103341	-0.0265078	0.00757077	37.634364739144
HG00187	HG00187	0.0533822	0.0887496	-0.0352598	-0.040279	0.0422942	-0.00611454	0.00723568	0.00961997	-0.0493683	-0.0499716	33.244768579045
HG00188	HG00188	0.0540373	0.0741558	-0.0291153	-0.0200104	0.0601771	-0.0115025	0.0179871	-0.0377314	0.0185703	0.0499224	32.4425436091791
HG00189	HG00189	0.0544299	0.0720317	-0.0300616	-0.00997507	0.0567918	-0.0121875	-0.014985	0.0339134	-0.00993207	0.0357866	34.3473797805423
HG00231	HG00231	0.0118293	-0.00731921	-0.0762847	0.0958508	0.0851595	-0.045743	0.0282328	-0.0866856	-0.0349642	0.0955104	27.8304573017048
HG00232	HG00232	0.0202142	-0.0133093	0.055782	0.0322949	-0.0468166	-0.0303701	-0.0666113	0.0390151	-0.104295	-0.0295899	17.1889825378324
HG00233	HG00233	0.0394625	-0.00948257	0.0255391	0.0582933	0.0389554	-0.0311247	-0.0487203	-0.0245877	-0.00810076	0.0235364	26.804108696205
HG00234	HG00234	-0.162411	0.0172643	0.0210806	0.0417041	0.0417304	-0.0132329	-0.0324984	-0.00619408	0.0854927	0.0254991	23.2860038732284
HG00235	HG00235	-0.164759	0.025755	0.0625829	0.0348162	0.0322188	-0.0110258	0.0103751	-0.0392929	0.0581009	0.00678257	26.9176581448387
HG00236	HG00236	0.0233398	-0.0103137	0.0483075	0.0427502	-0.0444615	-0.0204312	-0.0522861	-0.00784166	-0.0139985	0.00213381	38.4680399557147
HG00238	HG00238	-0.122445	0.0285978	0.182744	0.0305845	0.0775769	-0.091822	-0.21072	0.0845688	-0.386523	0.290202	33.9698262324948
HG00239	HG00239	0.0386701	-0.00365137	0.0241499	0.0609978	0.0577762	-0.0423304	-0.00465615	0.00677912	-0.000371507	0.0270767	29.118813942329
HG00240	HG00240	-0.119868	0.0283691	0.164986	0.0251583	0.0709643	-0.0722265	-0.179701	0.0479101	-0.334973	0.318012	32.3556720308534
HG00242	HG00242	0.0501217	-0.00134004	0.0269269	0.0790032	0.116278	-0.048206	-0.0540032	-0.0397203	-0.0292812	-0.0654146	40.9560635642099
HG00243	HG00243	0.0379	-0.00808355	0.0360093	0.0673959	0.0585378	-0.0340908	-0.0110519	-0.0118096	-0.0302855	-0.0151484	41.8684815324695
HG00244	HG00244	0.0391127	-0.00773303	0.0360515	0.0622943	0.0526476	-0.034527	-0.0418452	-0.0363136	0.00864622	0.0298884	39.6450572147156
HG00245	HG00245	0.0331964	-0.0107541	0.0292346	0.0365294	-0.0133055	-0.0165764	0.00449183	-0.0249194	-0.014071	0.0263923	19.0346137777999
HG00246	HG00246	0.030554	-0.00702709	0.0362562	0.027503	-0.0142392	0.0011988	-0.0423913	-0.0178263	-0.0461382	-0.00728944	23.7465221018146
HG00247	HG00247	0.0155305	-0.00393366	-0.0543082	0.0830566	0.0715535	-0.0140224	0.0242134	-0.00812158	-0.071806	0.030789	34.5863557099226
HG00249	HG00249	0.0163712	-0.014551	0.0463088	0.0316921	-0.0719363	-0.0305964	-0.00783538	0.0237437	-0.0420645	0.0991607	39.8830770416072
HG00250	HG00250	0.03545	-0.00482605	0.0329872	0.0490123	0.00750735	-0.0272881	-0.0241852	-0.0204853	0.00376571	0.0149497	32.8731228068774
HG00251	HG00251	0.0345622	-0.0101922	0.0406246	0.0517264	0.0281658	-0.0198561	-0.0270436	0.0566944	-0.0691714	0.0309238	35.5915800251031
HG00252	HG00252	0.0250246	-0.00902637	0.0432612	0.0334441	-0.0414113	-0.0290848	0.0568279	-0.0376196	0.011789	0.092372	32.4707259399775
HG00253	HG00253	0.0229673	-0.0124923	0.0435615	0.0463743	-0.0601022	-0.0138712	-0.00444913	0.0322186	-0.0313157	-0.016525	33.6852939088531
HG00255	HG00255	-0.104624	0.0245047	0.136517	0.0131498	0.0460391	-0.0122698	-0.012344	-0.0330482	0.0329416	0.0468463	36.7610143547859
HG00256	HG00256	0.0236024	-0.0112764	0.045086	0.0359487	-0.0568575	-0.0268507	-0.0283943	0.0154099	-0.00669947	0.051898	24.929345199377
HG00257	HG00257	0.020701	-0.0131143	0.0395626	0.0237172	-0.0388679	0.0129109	-0.0264196	0.0384833	-0.048834	0.00856924	40.0664420798087
HG00258	HG00258	0.0400325	-0.00774761	0.0444798	0.0482484	0.00345121	0.0141856	0.0124689	-0.0665251	0.0233077	0.0955313	19.3565878946591
HG00259	HG00259	0.0183518	-0.00943145	0.0468979	0.0358056	-0.0536439	0.00311251	-0.0418362	-0.000775376	-0.06394	-0.022089	24.6705766523391
HG00260	HG00260	0.017097	-0.00379237	0.0369233	0.0306645	-0.0508964	-0.00121882	-0.0523684	-0.0017959	-0.0107641	-0.0123717	34.6608148584104
HG00261	HG00261	0.0173689	-0.0144497	0.0471713	0.0365299	-0.056199	-0.0184202	0.000259543	0.0301413	-0.0425559	0.0239607	42.595627541715
HG00262	HG00262	0.0364807	-0.0103845	0.0418025	0.0540327	-0.00457651	0.00157491	0.0118781	-0.0429179	-0.0310826	-0.0520604	30.1951188442281
HG00263	HG00263	0.0208179	-0.00828455	0.0349366	0.0369357	-0.0274462	-0.0156553	-0.0283277	0.0251781	-0.0190528	-0.03013	30.0801755034424
HG00264	HG00264	0.0309531	-0.018021	0.0553416	0.0492071	-0.011176	-0.00372609	-0.0298346	-0.0544584	0.00359689	-0.015748	41.5921995019714
HG00265	HG00265	0.0512403	0.0011726	0.0216931	0.0913846	0.091022	-0.0449059	0.0551203	0.0307097	0.0487556	0.0922945	30.5774846724044
HG00266	HG00266	0.000224085	0.0736027	-0.122748	-0.00678595	0.0390922	0.00758472	0.065928	0.043418	-0.0352608	0.075657	39.8641041471797
HG00267	HG00267	0.0234715	0.0782896	-0.10482	-0.00267719	0.0552838	0.00568489	0.0253005	-0.0588249	-0.0118386	0.025667	35.739525649827
HG00268	HG00268	0.0335184	0.0623172	0.000256514	-0.031424	-0.0602454	0.0160502	-0.0418316	0.0392751	0.0232784	-0.0736972	28.3402739910982
HG00269	HG00269	0.018843	0.0878994	-0.126792	-0.00568173	0.0274731	0.00755617	0.00427652	-0.00437499	-0.0229512	-0.00120966	28.7229684965819
HG00271	HG00271	0.0315368	0.0928935	-0.0224387	-0.0777468	-0.0681708	0.00890407	-0.00500932	0.0338595	-0.00357962	-0.00222552	30.5765981917541
HG00272	HG00272	0.0558451	0.0898237	-0.049903	-0.035397	0.0661108	-0.0129397	0.0444061	0.00183549	-0.0312131	0.0534679	23.6880147107904
HG00273	HG00273	0.0311724	0.0627593	-0.000475278	-0.0403392	-0.0645563	0.00785622	-0.00287252	0.0257289	0.00269387	-0.0333475	48.0415911977854
HG00274	HG00274	0.0452679	0.0738464	-0.0194482	-0.0181413	-0.00312182	0.00423277	-0.0363543	0.00765211	0.00535408	-0.0608318	31.9323024522223
HG00275	HG00275	0.0432442	0.0598899	-0.0179508	-0.0263957	-0.0144353	0.0105657	0.00856105	0.0419215	0.0311331	-0.0072867	25.6088903676001
HG00276	HG00276	0.0450796	0.080366	-0.0264774	-0.0421614	0.00329654	-0.00530233	-0.00358996	-0.0438635	0.0282921	0.0108943	37.8945134600658
HG00277	HG00277	0.0375068	0.0477087	-0.00159556	-0.00962906	-0.0386062	0.0114515	0.0325493	0.00836417	0.0450069	0.019335	40.0518730096325
HG00278	HG00278	0.0447301	0.0786452	-0.0235507	-0.0558463	-0.0244255	0.0135183	0.0163962	-0.0206614	-0.00566044	0.0704619	26.376399534878
HG00280	HG00280	0.0452588	0.0746016	-0.0143801	-0.0392139	-0.00956629	0.0400678	0.0595801	0.0190151	-0.00144422	0.0428077	33.9601483745889
HG00281	HG00281	0.045249	0.0741239	-0.0200179	-0.0519531	-0.0248344	0.00417977	0.0372142	0.037606	-0.00257251	0.0748591	35.966765035234
HG00282	HG00282	0.0413303	0.0757248	-0.00752992	-0.0427982	-0.0376589	0.00921833	-0.0231609	0.0418525	-0.0160566	-0.0355847	37.7427463063999
HG00284	HG00284	0.0421828	0.0713765	-0.0198176	-0.0421514	-0.0142529	-0.00479665	0.0473621	0.0408309	0.0156534	0.0799027	26.1676764577626
HG00285	HG00285	0.0427863	0.0843183	-0.0153509	-0.056995	-0.0478409	0.0111265	0.00828346	-0.0266941	-0.0475471	0.0487217	29.6115143759435
HG00306	HG00306	0.056478	0.0620301	-0.0268011	0.00607655	0.0672559	-0.0203886	0.0293077	0.00202115	0.0160762	0.058168	24.0849650558436
HG00309	HG00309	0.0288896	0.071699	-0.00394934	-0.0476338	-0.0756298	0.00614802	0.000583753	0.0201469	0.0219727	0.0295393	41.969366446171
HG00310	HG00310	0.0428257	0.0643443	-0.00789408	-0.00725661	-0.0215177	0.0132962	-0.0270657	-0.0180078	-0.0302612	-0.0516526	37.6255966926155
HG00311	HG00311	0.0554863	0.0541838	-0.019354	0.0150991	0.0747726	-0.0241394	-0.0188062	-0.0340383	0.0265472	-0.0152211	45.0456246373874
HG00312	HG00312	0.0503544	0.0630728	-0.0177213	-0.00450472	0.0371809	-0.0111645	-0.0225912	-0.061241	-0.0167093	0.0350241	26.7662158820675
HG00313	HG00313	0.0432332	0.0813233	-0.0273231	-0.0517322	-0.0227744	0.0198906	-0.00735395	0.00074281	-0.00369585	0.0172652	45.0059175739018
HG00315	HG00315	0.0406259	0.0706983	-0.00999981	-0.0300055	-0.0513928	0.00281305	-0.041169	-0.0363404	-0.0571474	-0.0373685	38.9649420773741
HG00319	HG00319	0.0426731	0.0780248	-0.0164293	-0.0341705	-0.0219989	0.0216368	-0.0607593	0.0284868	-0.0741121	-0.0737504	24.2453574515004
HG00320	HG00320	0.0420154	0.0644405	-0.0129219	-0.0386551	-0.0110749	0.00643209	0.000402799	0.00582751	0.0250464	-0.0369876	15.1907274966927
HG00321	HG00321	0.0438177	0.0790832	-0.0236949	-0.0403503	0.00441026	-0.00273478	-0.0339789	0.0404017	0.00829837	0.0244329	40.0652684001207
HG00323	HG00323	0.0440068	0.0875719	-0.0271987	-0.0526191	-0.0229136	0.0173739	0.0113957	0.00458615	-0.00632631	0.00839523	46.5766482868807
HG00324	HG00324	0.0496556	0.0961554	-0.0212061	-0.0531053	-0.00387408	0.0158037	-0.0141141	0.00564425	-0.0370978	0.0447268	21.4542522276971
HG00325	HG00325	0.0481674	0.0956362	-0.0272488	-0.0567819	-0.0196177	0.0192451	0.00502949	0.0256769	-0.00448256	0.115462	26.9640843732625
HG00326	HG00326	0.0425018	0.073613	-0.01855	-0.0303672	-0.0411665	-0.0166313	0.0251584	-0.0332864	-0.0130834	0.0747789	25.4408994235802
HG00327	HG00327	0.0411069	0.0739465	-0.0208632	-0.0396967	-0.0333079	-0.00514909	-0.00205865	0.0137304	-0.00874961	0.0359343	27.7112023904465
HG00328	HG00328	0.0525308	0.0751823	-0.0287581	-0.0253943	-0.0158934	-0.0101588	0.0323638	0.00175587	0.00722781	0.0648644	20.7982404261018
HG00329	HG00329	0.043924	0.0622329	-0.0114287	-0.0340483	-0.0262908	0.0107643	-0.0099947	0.00524621	-0.00987136	0.0341861	19.0812865322235
HG00330	HG00330	0.0426363	0.0660646	-0.0052203	-0.00983649	-0.01679	0.0146434	-0.00745104	-0.0163902	-0.0180348	-0.0416771	11.2540184020992
HG00331	HG00331	0.044672	0.0624117	-0.00673117	-0.0248079	-0.0132872	0.0162613	0.0133315	-0.0505644	0.0464385	0.00203362	31.4502970702801
HG00332	HG00332	-0.0623799	0.0852771	0.0659495	-0.0441839	-0.00394438	-0.00289049	-0.0497256	0.0586935	-0.011753	-0.104661	32.1564797219852
HG00334	HG00334	0.0462285	0.0639624	-0.0123403	-0.0226237	0.0184869	0.0296841	-0.0125611	-0.00188958	-0.0736606	0.0131642	34.2928624555329
HG00335	HG00335	0.0381078	0.0663976	-0.0152287	-0.0437037	-0.0478552	6.51109e-05	0.048222	0.0377855	0.0314432	0.0497899	34.1085985629781
HG00336	HG00336	0.0409629	0.0789531	-0.0252428	-0.0471729	-0.0252596	0.00889268	-0.00835442	0.0270798	-0.000539159	0.0524261	16.8955970761242
HG00337	HG00337	0.029809	0.0545184	0.00504221	-0.0133398	-0.0462168	0.00731481	0.0252442	0.0187957	-0.0144723	-0.00263912	33.6664293383078
HG00338	HG00338	0.03499	0.0767648	-0.00839766	-0.037163	-0.0468734	0.00709599	-0.00327673	0.055805	-0.00486322	0.042317	40.6655678773272
HG00339	HG00339	0.032201	0.0657889	-0.0022124	-0.0363267	-0.0582904	0.00600218	0.0143903	0.0231607	0.00424582	-0.00901976	19.0481202698081
HG00341	HG00341	-0.0618061	0.0660551	0.0714492	-0.0480778	0.0205537	-0.0112416	-0.0119728	-0.0138746	0.0581759	-0.0401736	24.2955055103321
HG00342	HG00342	0.0387478	0.0814008	-0.014151	-0.0514021	-0.0646772	0.0119662	-0.00508948	-0.0167859	0.00609328	-0.0673569	30.1215619626074
HG00343	HG00343	0.0424524	0.0772103	-0.0273044	-0.0532749	-0.0413034	0.00869264	-0.00200939	0.0151885	-0.0130072	-0.0529732	45.9863999796693
HG00344	HG00344	0.0343813	0.0347701	0.0131834	0.000920473	-0.0292861	-0.0167683	0.0116143	0.00808524	-0.00640131	-0.0317648	18.2081922512101
HG00345	HG00345	0.0362489	0.0741541	-0.0203548	-0.0383091	-0.0401088	0.0310684	-0.00599078	0.0685729	-0.0213421	0.0396687	21.9053388002817
HG00346	HG00346	0.0334626	0.058457	-0.0142857	-0.0382464	-0.0514251	-0.00418036	0.00249735	0.0141252	0.0198971	-0.0436487	38.986031296917
HG00349	HG00349	-0.15825	0.109757	0.006411	-0.0453994	0.028189	0.0244715	0.0719895	0.0346796	0.0472085	0.0656153	16.9000032144528
HG00350	HG00350	-0.160092	0.0641506	-0.0227181	0.0114436	0.0187104	0.0080544	-0.0111779	-0.0179586	0.0397214	-0.0198906	52.5079753968475
HG00351	HG00351	-0.16152	0.107648	-0.00357173	-0.0491411	0.0342901	-0.000925079	0.0184052	-0.00872069	0.0289927	-0.0253515	27.9101423011881
HG00353	HG00353	0.0421869	0.0725216	-0.0109247	-0.031876	-0.0221743	0.0239734	0.0125005	0.0426285	-0.0117531	0.00505632	26.7527398127105
HG00355	HG00355	-0.160757	0.0923728	0.00786583	-0.0265915	0.029935	-8.18493e-05	0.0399382	-0.0626305	0.0199583	-0.00635132	28.4602839503303
HG00356	HG00356	-0.159461	0.0989406	0.00500149	-0.0356411	0.0158592	0.0129984	0.0421174	0.0349506	0.028164	-0.021229	27.3055944612679
HG00358	HG00358	-0.144941	0.130948	-0.00684849	-0.070441	0.025968	0.0119872	0.0412533	-0.0609692	-0.00119001	-0.0091713	14.6359766925246
HG00359	HG00359	-0.16735	0.0948726	-0.00607545	-0.0300928	0.016474	0.0279809	0.0179348	-0.00982546	0.0653778	-0.0129776	54.030891563129
HG00360	HG00360	-0.168299	0.0902328	-0.00895354	-0.0200707	0.0121261	0.0087377	-0.00466286	-0.0478581	0.0604183	-0.0131481	52.1653900334319
HG00361	HG00361	0.0588021	0.101884	-0.0419878	-0.0327995	0.0546765	-0.0037959	-0.0271991	-0.0194891	-0.0514733	-0.0882727	29.3171614097252
HG00362	HG00362	-0.123498	0.101132	0.0882935	-0.0405291	0.0170158	-0.0181852	-0.0305237	-0.0123769	0.0783354	0.000981242	29.8279776274952
HG00364	HG00364	-0.153104	0.106423	0.0174624	-0.0455687	0.0292797	0.0074645	-0.0010161	-0.0324013	0.0333477	-0.0814902	37.247729002463
HG00366	HG00366	0.0522397	0.0767171	-0.0242458	-0.0261877	0.0507012	-0.00800151	0.00622286	-0.0444169	0.0210924	-0.0434863	25.8454196664586
HG00367	HG00367	0.0535443	0.0700926	-0.0209333	-0.0188729	0.0575334	0.0163871	-0.02414	-0.0639332	-0.031528	0.0110462	50.5459024376165
HG00369	HG00369	0.0583063	0.0866148	-0.0397843	-0.0243511	0.0663914	0.00723224	-0.00025267	-0.0252018	-0.0194461	0.0234539	39.3253775089858
HG00372	HG00372	0.0527666	0.0739014	-0.033516	-0.017978	0.0305006	0.0023379	0.00841351	0.00209001	0.000258987	-7.26439e-05	26.5945297713293
HG00373	HG00373	0.052328	0.0867369	-0.0353666	-0.0431429	0.0414276	-0.0136011	0.004421	-0.0184075	0.00411059	0.0516769	25.4151983412025
HG00375	HG00375	0.0474703	0.0817051	-0.0180089	-0.0381196	-0.027504	-0.00248724	0.00814885	-0.0439833	0.0113508	0.0191971	53.9202479835421
HG00376	HG00376	-0.0587634	0.0847698	0.0640512	-0.0365299	-0.000509322	0.0165555	-0.0206855	0.053494	0.0157588	-0.0232427	44.9390423346101
HG00377	HG00377	0.0590768	0.0863737	-0.0382006	-0.0439785	0.0625279	-0.0125427	-0.00289847	-0.00149817	0.00536934	-0.000717148	43.2241216539537
HG00378	HG00378	-0.070297	0.101921	0.0709029	-0.0582369	0.0142419	0.000475351	-0.0278497	0.0408273	-0.0190287	-0.076655	45.4209330168094
HG00381	HG00381	-0.0625642	0.102384	0.0789698	-0.0610041	0.0138416	-0.00813558	-0.0366155	0.0230823	0.0189733	-0.0131728	40.0930623221955
HG00382	HG00382	-0.0657829	0.111035	0.0626522	-0.0721574	0.00159861	-0.00424889	-0.0153491	0.0660186	0.0372993	-0.0244886	21.4700233309037
HG00383	HG00383	-0.0556003	0.111807	0.0596045	-0.0862835	0.00367819	0.00285038	-0.0283746	0.0108591	-0.00750512	-0.0672809	25.09599411851
HG00384	HG00384	-0.109788	0.111606	0.0949174	-0.063099	0.0493684	0.0082759	-0.0138259	0.0174655	0.0506844	0.0191746	26.4889085624871
HG01334	HG01334	0.0331526	-0.00487782	0.0301563	0.0465233	-0.000144517	-0.0239411	-0.0279777	0.0191718	-0.0328176	0.0254241	46.196586920359
NA06984	NA06984	0.0330903	-0.0127791	0.0503363	0.0391915	0.0103751	-0.00294754	-0.00672512	-0.0812162	0.0427248	0.086664	43.9117335556349
NA06986	NA06986	0.0112844	-0.019098	0.0424335	0.0314386	-0.0863765	0.00565882	-0.00147848	-0.0417321	-0.0271275	-0.0103184	43.4093608596129
NA06989	NA06989	0.033331	-0.00956139	0.0410714	0.038279	-0.00706193	0.00520678	0.0223492	-0.049524	-0.00946272	0.0789436	20.7340522056619
NA06994	NA06994	0.000559974	-0.0159388	0.0340038	0.0204244	-0.0926872	-0.0116208	0.00103515	0.0307688	0.0419916	0.0365768	35.0775349793812
NA07037	NA07037	0.00517138	-0.0284841	0.0386613	0.00584978	-0.100995	0.0203024	-0.0122039	-0.0458037	0.0291343	-0.0176825	36.6806515313621
NA07048	NA07048	0.0286487	-0.0111141	0.0427198	0.0433181	-0.00716781	-0.0296958	-0.0178728	-0.0381547	0.0129502	-0.0190923	25.2334577293403
NA07051	NA07051	0.0148502	-0.0147992	0.0442665	0.021631	-0.0773548	0.00330083	0.00224197	-0.0436935	0.0330481	-0.00721769	28.23781031153
NA07056	NA07056	-0.0186468	-0.021704	-0.0406197	0.0488052	-0.0417684	0.00691307	0.0170233	-0.0513957	-0.0116646	-0.052726	22.0059633995247
NA07347	NA07347	0.0356401	-0.0152898	0.0153347	0.0554708	0.0482493	-0.0293166	-0.0880332	0.110237	0.15697	0.00698517	36.5948361743686
NA07357	NA07357	-0.0421921	-0.0318195	-0.076263	0.0282503	-0.100137	0.0125592	0.023881	0.0355311	-0.0449008	0.0572837	28.0527225456998
NA10847	NA10847	0.00664367	-0.0173279	0.0202863	-0.00116284	-0.109019	0.00650345	0.00332398	0.00310854	-0.00195921	-0.00801561	20.707828059296
NA10851	NA10851	-0.0468339	-0.0207306	-0.0393314	0.0247098	-0.152289	0.0416169	0.0286741	-0.00810139	-0.0131536	0.0699201	37.5469981275212
NA11829	NA11829	-0.0417191	-0.00877427	-0.0582916	0.0452019	-0.101364	0.00998965	0.0360523	-0.0616535	-0.000675489	-0.0153529	38.4312141053789
NA11830	NA11830	-0.0304651	-0.0151037	-0.0576383	0.0353606	-0.05994	0.0182533	0.0391199	-0.00344117	-0.038311	0.0257265	22.5026641650688
NA11831	NA11831	-0.0398131	-0.0244157	-0.0503309	0.0346531	-0.0821197	0.0154556	0.0192575	0.0243825	-0.0252706	-0.00509423	31.3102620220706
NA11843	NA11843	0.0375302	-0.00834137	0.0471182	0.0406003	0.0133263	-0.0164013	-0.0187277	-0.0748604	0.0034107	-0.0492071	45.1649570260677
NA11892	NA11892	0.0231908	-0.0155499	0.0324066	0.0181244	-0.00940568	-0.0162327	-0.026262	-0.0468093	-0.0136081	-0.0269645	33.780983990908
NA11893	NA11893	0.0206549	-0.0179898	0.0314382	0.0229278	-0.0466715	-0.00595128	-0.0332766	-0.041139	-0.0130014	-0.0262098	21.9700696917703
NA11894	NA11894	0.0311496	-0.00684821	0.0046463	0.081734	0.0157903	-0.0281551	-0.103064	0.149949	0.122288	0.0255592	25.4139614694956
NA11920	NA11920	0.0169643	-0.0202129	0.029713	0.0114693	-0.0672421	0.00867596	0.0224494	-0.0186632	0.0376124	0.060348	28.9894008075033
NA11930	NA11930	0.00931653	-0.0229591	0.0303973	-0.00177346	-0.053567	0.0169041	0.0300691	-0.0224737	0.0410127	-0.0108008	55.3924925818586
NA11931	NA11931	0.0307504	-0.00838034	0.00231044	0.0683846	0.011203	-0.0377093	-0.120877	0.142901	0.0749788	-0.0691774	31.0483887606297
NA11992	NA11992	-0.0418133	-0.0254762	-0.0687721	0.0398528	-0.0557277	0.0137948	0.0475558	0.030312	0.0285504	0.0213877	29.6090325154445
NA11993	NA11993	-0.0644796	-0.0223994	-0.0926399	0.051345	-0.0949158	0.0115958	-0.00176866	-0.00767315	0.00192438	0.0301012	37.6145033966552
NA11994	NA11994	0.00324904	-0.0159401	-0.0188174	0.0551518	-0.0386183	-0.00161419	-0.000691823	-0.0923607	-0.05873	-0.0284018	48.6008110134051
NA11995	NA11995	-0.0701396	-0.0234845	-0.0759458	0.0372036	-0.102579	0.00176621	-0.000575489	-0.0184369	-0.0247601	-0.0182046	21.2466609169812
NA12004	NA12004	-0.0516686	-0.026429	-0.0739073	0.0301774	-0.0963121	0.012694	0.0120123	0.00325245	-0.028399	-0.0146965	20.8948540583521
NA12006	NA12006	-0.0702315	-0.0213173	-0.0711474	0.0321799	-0.073107	0.0104643	-0.00527343	0.00520414	0.00249371	-0.0202662	28.9518985834896
NA12043	NA12043	-0.0273557	-0.0184899	-0.0958263	0.077535	-0.0105319	-0.012403	-0.0820338	0.0416393	0.0587832	-0.00222165	28.5878629233468
NA12044	NA12044	-0.049511	-0.025716	-0.0444216	0.0298454	-0.110373	0.0213778	-0.0238401	-0.010103	-0.0446384	-0.0659955	25.1981381134607
NA12045	NA12045	0.0326166	-0.014058	0.0216059	0.0595801	0.0262238	-0.0203589	-0.106744	0.0950137	0.118473	-0.0822368	30.408073235293
NA12058	NA12058	0.0381689	-0.00851377	0.0445656	0.0452918	0.0183207	0.00625381	0.00430614	-0.0556989	-0.00517461	0.020173	34.9910762796943
NA12144	NA12144	-0.0483196	-0.0325986	-0.0832363	0.00772362	-0.102917	0.0220055	0.00564645	0.00869897	-0.00431274	0.0175154	31.784838625618
NA12154	NA12154	-0.0150169	-0.0197332	-0.0403572	0.0410358	-0.0724595	0.0199834	0.0509999	-0.0291707	-0.00485861	0.06854	32.8747686889172
NA12155	NA12155	-0.0190056	-0.0186081	-0.0530263	0.0634476	-0.0428895	0.0183479	0.03937	-0.0497764	-0.0232314	0.0378211	14.3434362112759
NA12249	NA12249	0.0357912	0.00453491	0.00227331	0.0759678	0.0217613	-0.0432778	-0.144935	0.116108	0.124625	0.0255972	21.6636335244266
NA12272	NA12272	0.0422453	-0.00781765	0.0163733	0.056706	0.0630779	-0.0279219	-0.0535197	0.00283574	-0.0635606	-0.0467438	37.0758096246363
NA12273	NA12273	0.0416004	-0.011133	0.0175249	0.0332151	0.0723181	-0.0633302	-0.0361747	-0.00427175	-0.0500815	-0.000388568	37.8235422180178
NA12275	NA12275	0.0322246	-0.00589892	0.0160074	0.0394208	0.0266009	-0.014809	-0.0167852	0.0125161	0.00641542	-0.0641352	30.1700688486
NA12282	NA12282	-0.00925497	-0.0291903	0.0245556	-0.0243546	-0.0859363	0.0155951	0.0176126	-0.019905	0.0224752	0.101689	28.5116186506492
NA12283	NA12283	-0.000941973	-0.0289612	0.0373978	-0.00306426	-0.083665	0.0327278	0.0105119	-0.0500889	0.0123056	0.0255834	26.3870347212056
NA12286	NA12286	-0.00972507	-0.0185599	0.0334969	-0.0475917	-0.103626	-0.0100721	0.0274633	-0.0951287	0.042315	0.0633215	30.9086316559851
NA12287	NA12287	0.032623	-0.0145092	0.00244587	0.0659903	0.0114514	-0.0636858	-0.0821986	0.0781091	0.0903149	0.0341409	17.6992353483333
NA12340	NA12340	0.0264033	-0.0195489	0.0378195	0.026826	-0.0102897	-0.00618459	0.0183872	0.0340672	0.0863042	0.0378975	32.5816823247272
NA12341	NA12341	0.0190389	-0.0153084	0.0366355	0.035901	-0.0344477	-0.0118391	-0.00276683	-0.0925329	0.0296252	-0.0386501	41.8748809887815
NA12342	NA12342	0.0390981	-0.0112159	0.0275697	0.0544943	0.00374747	0.00191725	0.0766258	0.00515929	0.0708051	0.12147	30.7956852469223
NA12347	NA12347	0.0145443	-0.012948	0.0361086	0.00961094	-0.0635866	-0.0240703	-0.0348129	-0.00761316	-0.0208972	0.0282437	32.1253210461382
NA12348	NA12348	0.0186091	-0.0177608	0.041047	0.00984702	-0.0454124	-0.0123805	-0.0337828	-0.0307884	-0.0329785	-0.0413924	43.7362297094601
NA12383	NA12383	0.0218354	-0.0214701	0.0307318	0.00605069	-0.0268068	0.00941086	-0.0195377	0.011361	-0.053645	-0.0760289	35.0324799347905
NA12399	NA12399	0.0277078	-0.0181771	0.0388037	0.0383488	-0.0322595	-0.0105875	-0.00215363	-0.0707931	-0.0424381	-0.017905	10.2990293653112
NA12400	NA12400	0.0231818	-0.018065	0.0305825	0.0307994	-0.0316193	0.0171293	-0.0250828	-0.0521568	-0.0267518	-0.00973691	34.4272318393957
NA12413	NA12413	0.00926847	-0.0271887	0.0436181	-0.0170389	-0.0634662	0.0123146	-0.0231551	-0.00139655	-0.0198383	-0.0238186	40.9294481867158
NA12489	NA12489	-0.0559238	-0.0257797	-0.0722595	0.0513518	-0.0955044	0.00761685	0.0171973	0.00263026	-0.0162453	0.0284559	40.9871843488219
NA12546	NA12546	0.0137346	-0.0221216	0.0390336	-0.0012064	-0.0612408	-0.00403863	0.0441846	-0.0523952	0.0590379	0.0430429	40.1435964875273
NA12716	NA12716	2.97223e-05	-0.0211911	0.0293211	0.00564433	-0.125963	0.0260402	-0.026737	-0.00272378	0.0498253	0.0732062	39.9206379625415
NA12717	NA12717	0.000297883	-0.0198333	0.0312539	0.0063461	-0.113373	0.0143846	0.0291436	0.0542555	0.0109215	-0.0420062	32.0126562586456
NA12718	NA12718	0.0494804	0.00177271	0.0111564	0.0595011	0.0910489	-0.0386187	-0.0146473	-0.0562133	-0.0164154	0.000319127	34.7267125134151
NA12749	NA12749	0.00948334	-0.0217814	0.0210758	0.00822784	-0.111101	-0.000224047	-0.0350996	0.0181725	0.00573753	-0.0215896	24.1189425523663
NA12750	NA12750	0.00583369	-0.0241334	0.0221434	0.00888842	-0.103361	-0.000205411	-0.0151024	-0.0240692	0.00317911	0.0148796	26.0757068475788
NA12751	NA12751	-0.000288178	-0.0172323	0.0284444	0.0224466	-0.130096	0.0290579	0.00650961	0.0163331	0.0245886	0.0439215	32.5486928860679
NA12761	NA12761	0.00108728	-0.0212464	0.0224868	0.00621072	-0.112627	0.0106503	0.0165976	0.0495343	0.0221858	0.0694483	36.9252513058208
NA12763	NA12763	0.00373802	-0.0214412	0.0276027	0.00200248	-0.0927378	0.00246479	-0.00318825	0.0476549	0.0270415	-0.00685017	25.0975290314387
NA12775	NA12775	0.0181121	-0.020659	0.043683	0.00943981	-0.0482513	-0.0229978	-0.00835602	-0.0317308	0.0237871	0.0157826	46.861960931654
NA12777	NA12777	0.0130012	-0.0236754	0.0501643	0.00946207	-0.0508039	0.0162133	-0.00529965	-0.0486644	-0.00280066	-0.0243664	33.5421392283614
NA12778	NA12778	0.0184642	-0.0153134	0.0351962	0.0266267	-0.059732	-0.0143697	-0.0280188	-0.0404278	0.0360037	-0.0492126	29.2573590810681
NA12812	NA12812	-0.0174009	-0.0122211	-0.101774	0.108593	0.0387071	-0.0218796	-0.120952	0.142813	0.154856	0.037467	29.1488278563198
NA12814	NA12814	-0.029293	-0.0115287	-0.118571	0.11337	0.0376452	-0.0154219	-0.117874	0.148637	0.141426	-0.0158425	27.8823188526172
NA12815	NA12815	-0.015951	-0.0066377	-0.100899	0.101939	0.02848	-0.0258748	-0.0802534	0.159167	0.119939	0.0714412	28.73412043495
NA12827	NA12827	0.00526141	-0.0231915	0.0295729	0.00179015	-0.118273	0.00833538	0.0396848	-0.0250214	0.032994	0.0811991	32.8742872297615
NA12829	NA12829	-0.00378922	-0.0289451	0.0319412	-0.0104706	-0.127944	0.00340975	-0.001655	-0.0193336	0.0135113	-0.0248923	34.1408377358734
NA12830	NA12830	0.00857602	-0.0296436	0.0401502	-0.0061057	-0.0644416	0.0142701	0.0125763	-0.020354	0.0707509	0.0197097	17.0438978518797
NA12842	NA12842	0.0122789	-0.0286249	0.0329611	-0.00185146	-0.0926598	0.00666785	0.0298882	-0.00655432	0.0127224	0.0646306	38.9875092562961
NA12843	NA12843	0.00987829	-0.0188827	0.0359535	-0.00431349	-0.0808505	0.00054438	-0.0233915	0.00253251	0.02132	0.0276184	38.0078313716469
NA12872	NA12872	-0.00122587	-0.0133384	-0.076539	0.101795	0.0470777	-0.0360982	-0.109293	0.137725	0.112579	0.0314031	35.8607317773801
NA12873	NA12873	-0.0264532	-0.00896032	-0.111158	0.098734	0.0466555	-0.0376108	-0.105586	0.158803	0.1457	-0.000293789	22.8470715590194
NA12874	NA12874	-0.00929891	-0.00990165	-0.0872926	0.105293	0.05476	-0.0300254	-0.121373	0.145313	0.151677	0.0207414	30.4947255212913
NA12889	NA12889	0.000702399	-0.0302389	0.0322488	-0.0163259	-0.0838983	0.0193858	-0.0326367	-0.0594575	0.0162052	0.00908835	37.1972287724721
NA12890	NA12890	-0.0115085	-0.0191236	0.0301403	0.0109572	-0.141964	0.00015782	-0.0194259	-0.0609118	-0.0199412	-0.100926	40.3413187962755
NA20502	NA20502	-0.0217805	-0.066668	-0.0708877	-0.0470798	0.02396	-0.00280436	0.00236623	0.0463786	-0.0874734	-0.0316586	25.9073436603707
NA20503	NA20503	-0.0416521	-0.05949	-0.0678193	-0.0494173	0.0197357	0.0141746	0.0236547	0.0314674	-0.0161133	0.0536029	29.9490548874917
NA20504	NA20504	-0.0428637	-0.064276	-0.0615589	-0.0493756	-0.0550828	0.0097768	0.0240795	0.00597035	-0.0559817	0.0261169	29.8835397088299
NA20505	NA20505	-0.0442906	-0.0623727	-0.0869693	-0.0399461	0.0110172	0.0125896	0.0243502	0.00201191	-0.00729778	-0.0238578	24.8119361899796
NA20506	NA20506	-0.0525982	-0.0636223	-0.0723739	-0.0426531	0.0101468	0.0358973	0.0152823	0.053176	-0.0912493	0.019372	15.2881638559102
NA20507	NA20507	-0.0340865	-0.0568717	-0.0681385	-0.0316253	0.0193847	0.000206317	0.0123617	-0.0272289	-0.0370855	-0.0420189	17.0179799166861
NA20508	NA20508	-0.0290299	-0.0588266	-0.0690324	-0.0266209	-0.00249234	-0.0023167	0.0328724	0.0115538	0.00120453	-0.0234508	29.8183061716835
NA20509	NA20509	-0.0522427	-0.0617787	-0.0861443	-0.0272127	0.015118	-0.00300938	0.0169842	0.0182024	-0.0253554	0.0304633	16.9238726117597
NA20510	NA20510	-0.0258516	-0.0578246	-0.0943156	-0.0204356	0.046739	-0.000293787	0.0129789	-0.0143456	-0.0646116	0.00909533	19.5248693634297
NA20512	NA20512	-0.0490232	-0.0597748	-0.0836612	-0.0411789	0.0259125	0.00726965	0.0114075	0.0213017	-0.0192408	0.0388837	35.727734586517
NA20513	NA20513	-0.0349667	-0.0661555	-0.0714689	-0.0391468	0.00539329	0.0148811	-0.0166853	-0.035735	-0.023916	-0.013031	44.5398916188924
NA20515	NA20515	-0.040561	-0.0604888	-0.0607589	-0.0460708	-0.0131746	0.00141105	-0.00969365	0.0309629	-0.058684	0.00292355	30.0309035053453
NA20516	NA20516	-0.0523819	-0.0653205	-0.0746548	-0.051942	0.0191157	0.0175172	-0.00648065	0.0646248	-0.0767827	-0.0657716	45.111355035969
NA20517	NA20517	-0.0502248	-0.0650191	-0.0786533	-0.0406308	-0.000554781	0.0317301	0.0140279	-0.0221599	-0.0563095	-0.0113523	43.8591667106005
NA20518	NA20518	-0.0531221	-0.0547182	-0.0977703	-0.0260301	0.0165203	0.0183852	-0.0111856	0.0317918	-0.0548441	-0.0337866	27.0751297477833
NA20519	NA20519	-0.0709615	-0.0683039	-0.0746459	-0.0410518	-0.0236113	0.028254	0.0196839	0.00594985	-0.0109826	0.0377843	51.755636244589
NA20520	NA20520	-0.0510566	-0.0604529	-0.0775495	-0.052591	0.000586141	0.0286048	0.0147304	0.0772771	-0.00664559	0.059151	33.6487667239127
NA20521	NA20521	-0.0274583	-0.0699009	-0.0443241	-0.0594867	0.0223603	0.0205252	0.0170743	-0.0209135	-0.0128155	0.022564	28.5675212791474
NA20524	NA20524	-0.0344264	-0.0595058	-0.0733746	-0.0420738	-0.0240498	-0.00790095	0.00230824	-0.0371421	-0.0133047	0.0649336	42.3957148216193
NA20525	NA20525	-0.0422145	-0.0651102	-0.0748266	-0.0428215	-0.0163643	0.0294275	0.0262599	0.0151376	-0.00523918	0.027883	29.1219237085028
NA20527	NA20527	-0.0422438	-0.0610122	-0.0825075	-0.0285877	0.000228399	0.0201934	-0.00155031	0.0163272	-0.0892312	-0.0191086	25.1667750753304
NA20528	NA20528	-0.0523657	-0.0675542	-0.0989059	-0.0334198	0.000400698	0.017625	-0.0112872	0.0132594	-0.0414855	0.0132312	20.4976358596297
NA20529	NA20529	-0.0450232	-0.0623907	-0.0665115	-0.0495794	-0.0111631	0.0100504	-0.00488685	0.0119023	-0.0379627	-0.0304678	27.8728506435553
NA20530	NA20530	-0.0334851	-0.0623314	-0.0711995	-0.0355231	-0.0187555	0.0172287	0.0415597	0.0240933	-0.0336042	0.0570511	23.6910748719382
NA20531	NA20531	-0.0591207	-0.0688144	-0.099912	-0.0572654	-0.00810327	0.0328131	0.00352385	0.0234521	-0.0112439	0.00809343	32.2375408288818
NA20532	NA20532	-0.0303122	-0.0641213	-0.0594126	-0.04326	0.0329948	0.00489693	0.0185075	-0.030246	-0.0110728	0.0391513	28.9899426926673
NA20534	NA20534	-0.0251215	-0.0577131	-0.081256	-0.0198566	0.0410453	0.0162606	-0.0243497	-0.0126309	-0.0623005	-0.0459907	28.470561545248
NA20535	NA20535	-0.0355747	-0.0571916	-0.0706407	-0.019528	0.0044263	0.0118234	-0.00206289	0.0147016	-7.34606e-05	0.0127929	24.0571923634941
NA20536	NA20536	-0.0657725	-0.0618514	-0.0641929	-0.0489025	-0.00135315	0.0248907	0.065664	0.0257229	-0.0324527	0.0785891	33.7784880571818
NA20537	NA20537	-0.0473623	-0.066825	-0.0492413	-0.0679305	0.00766841	0.0038715	0.0551158	0.00235472	-0.0177312	0.0322679	38.563971000137
NA20538	NA20538	-0.0515905	-0.0621842	-0.122169	-0.0165647	0.0623377	-0.00177959	-0.00817557	0.0174735	-0.00316702	0.0326526	25.6400292763592
NA20539	NA20539	-0.0614228	-0.0691994	-0.0818656	-0.0423722	0.00622086	0.0338341	-0.00616418	0.0768799	-0.00326131	-0.0253282	46.8167813242596
NA20540	NA20540	-0.0340098	-0.0665594	-0.0714015	-0.0308502	-0.00384277	0.0178176	0.0303913	-0.0523424	-0.0342147	0.0493065	37.9132461024668
NA20541	NA20541	-0.0475389	-0.0672871	-0.105599	-0.0292142	0.0204167	0.016017	0.0450071	0.0527787	0.00748546	0.0309525	45.8183785435575
NA20542	NA20542	0.00394833	-0.0598959	0.0162599	-0.0544725	-0.00981147	0.00828442	-0.0172033	0.0471804	-0.0180524	-0.0732518	16.835039561196
NA20543	NA20543	0.00480579	-0.0604567	0.0169064	-0.0526486	-0.0126599	0.0314863	-0.00235658	0.0691726	-0.0191684	0.0174609	42.5806660863846
NA20544	NA20544	-0.00112634	-0.0614105	0.00944623	-0.0662796	-0.023897	-0.0154604	0.000257942	0.0201349	0.0214822	0.0173539	50.8389009344054
NA20581	NA20581	0.0265311	-0.0558437	0.0237109	-0.0555521	0.072924	-0.00944536	-0.00521339	-0.0307323	0.000720975	-0.0124675	26.9579218094018
NA20582	NA20582	0.00809641	-0.0564326	0.0112544	-0.0595155	0.00115186	-0.000676593	-0.00983695	0.0116971	0.00610373	0.0128007	37.5728272440312
NA20585	NA20585	0.00591962	-0.0591907	0.00769129	-0.0601794	-0.00776219	0.0211113	-0.0431509	0.0529205	0.0111518	-0.0520025	23.5089009992819
NA20586	NA20586	0.0430488	-0.0445587	-0.00958639	-0.0187391	0.164638	-0.00540337	0.013292	0.00918091	0.00662269	0.0553415	19.462592830425
NA20588	NA20588	0.0100523	-0.0595362	0.0148087	-0.0532284	0.014156	-0.00339302	-0.0182172	0.0579157	0.039163	0.0415467	22.3481669037296
NA20589	NA20589	0.0202478	-0.0552673	0.00629479	-0.0499944	0.0389646	-0.00155515	-0.0299005	0.0173005	-0.0256224	-0.0717331	33.5702387567059
NA20752	NA20752	0.00967651	-0.0637223	0.0101304	-0.0531739	0.0205427	0.00408996	-0.0183544	-0.00635464	-0.0125823	-0.02422	25.7359500612786
NA20754	NA20754	0.0108929	-0.0571255	0.00478723	-0.0545926	0.0291972	0.0175196	-0.0264835	0.043846	-0.0180616	-0.0185558	32.0017992198793
NA20756	NA20756	-0.0071068	-0.0588554	0.0110489	-0.076743	-0.0448452	0.000675669	-0.0509307	0.0441901	-0.0825694	-0.0509566	34.5798119307984
NA20757	NA20757	0.0198338	-0.056814	0.0252082	-0.0597181	0.0358924	0.00943144	-0.0294855	-0.0676366	0.0311706	-0.0138556	35.5724849876608
NA20758	NA20758	0.0214812	-0.0552312	0.019197	-0.0614419	0.0608693	-0.00276915	0.0268633	0.0473419	0.00104317	0.0176458	25.1505102509884
NA20759	NA20759	0.0143137	-0.059279	0.0294784	-0.0610382	0.034002	-0.00782365	-0.0256483	0.0142057	-0.0243624	-0.0488006	19.9477689858016
NA20760	NA20760	0.0273157	-0.0527369	0.0222669	-0.0473454	0.0558148	-0.0229361	0.0405545	-0.0507332	0.0362321	0.0515001	24.9843567830495
NA20761	NA20761	0.016731	-0.057579	0.0219124	-0.0676137	0.0255433	-0.0182089	-0.0158988	0.0235638	-0.0364059	-0.039705	18.0342531583495
NA20765	NA20765	0.0163682	-0.0595899	0.0248241	-0.0806674	0.0323403	-0.00355991	-0.0230057	-0.0184332	0.00384974	-0.0148283	17.9002297401496
NA20766	NA20766	0.0130237	-0.0584981	0.0354585	-0.0668577	0.0419093	-0.0157576	0.00133499	0.00245994	0.0282273	-0.001321	53.5412259961033
NA20768	NA20768	0.0188045	-0.0615269	0.026577	-0.0728811	0.0577521	-0.00463722	0.0396865	-0.0450862	0.0725686	0.0564007	29.5078872399742
NA20769	NA20769	0.0247493	-0.0594874	0.0260174	-0.0651802	0.092793	-0.017484	0.00112893	-0.00147598	0.0420704	-0.0114128	35.8959019711629
NA20770	NA20770	0.00932995	-0.0670068	0.0322355	-0.0843295	0.0430023	-0.00100834	-0.00701472	-0.0423029	0.0490815	0.003888	40.5237849805442
NA20771	NA20771	0.0101051	-0.0642251	0.0340507	-0.0798779	0.0327976	-0.00427715	-0.00691379	-0.00150341	0.011617	-0.0380097	34.5585893271952
NA20772	NA20772	0.0170219	-0.0642162	0.0286476	-0.0732773	0.0412653	-0.0154995	0.0065979	-0.0238412	0.0638078	0.0208128	39.3164683458394
NA20773	NA20773	0.0132218	-0.0602734	0.039929	-0.084661	0.0268816	0.00553539	0.0168384	0.010989	0.00809571	-0.010149	39.0773555114882
NA20774	NA20774	0.0128	-0.0611564	0.0293291	-0.0628014	0.0474687	-0.0207643	-0.0368161	0.0063311	-0.0025026	-0.0184272	35.1430956081761
NA20778	NA20778	0.0171069	-0.0543875	0.0338984	-0.0510879	0.0593482	-0.00601391	-0.00545256	-0.00338985	-0.0338648	-0.058106	26.7293246422859
NA20783	NA20783	0.0149499	-0.0652515	0.0311638	-0.0710198	0.0436664	-0.00721174	0.0135868	-0.00172584	0.0377153	0.0267344	27.9940199672047
NA20785	NA20785	0.00824078	-0.0578553	0.0321156	-0.0755045	0.00516167	0.00420072	-0.00341253	-0.0206936	0.035097	-0.0264428	44.9198507618203
NA20786	NA20786	0.0253417	-0.0609983	0.027365	-0.0740217	0.0831257	-0.013494	0.018666	0.0267226	0.0135173	0.0285456	21.9438148999696
NA20787	NA20787	0.0171523	-0.0648014	0.0290494	-0.0828025	0.0541332	0.0174238	-0.000934987	-0.0341071	0.0915684	0.0131962	29.0583530986675
NA20790	NA20790	0.0159427	-0.0586883	0.0250726	-0.0659031	0.0606526	-0.0219598	0.0288415	-0.0229647	0.070415	0.0285631	45.5985064677411
NA20792	NA20792	0.0263954	-0.0597731	0.0348154	-0.0570513	0.0765584	0.00057201	-0.025646	-0.0200757	0.0159722	-0.034627	40.8324385421419
NA20795	NA20795	0.0189274	-0.0644487	0.0220946	-0.0823497	0.0971818	0.00443232	0.0108121	-0.0215534	0.0411543	0.0849722	7.7328813388789
NA20796	NA20796	0.0257287	-0.0584646	0.0251406	-0.0657609	0.0846312	-0.0115117	0.0407617	-0.013086	0.0342772	0.0196243	30.8795946288752
NA20797	NA20797	0.0156459	-0.0601698	0.0191775	-0.0600968	0.0246347	-0.0179377	-0.0127606	-0.000936871	0.0177706	-0.00490495	29.3745009169548
NA20798	NA20798	0.0184717	-0.0593236	0.0318456	-0.0724184	0.047567	0.00177912	0.0121646	0.0167217	0.0771079	0.0211881	32.1162341726948
NA20799	NA20799	0.0221699	-0.0634633	0.025208	-0.0558618	0.0413131	-0.00421695	-0.00803293	-0.0343298	0.0609217	-0.00107396	22.063620098992
NA20800	NA20800	0.0217049	-0.060385	0.0309454	-0.056732	0.0539853	-0.00748669	0.00449807	0.0101935	0.00954978	-0.0754966	34.9579549717585
NA20801	NA20801	0.0173176	-0.05978	0.0256018	-0.0750967	0.0479617	0.00806851	0.0124703	-0.0420811	0.0684063	0.0915934	47.5445765465485
NA20802	NA20802	0.0237013	-0.062534	0.0260516	-0.0665437	0.0691169	0.0154734	0.0378162	-0.0152216	0.0541863	0.0481406	20.6479055880167
NA20803	NA20803	0.0224149	-0.0592659	0.0338648	-0.0522421	0.0409752	-0.0112549	0.0122193	-0.0303632	0.0616029	-0.0471536	47.1299558976663
NA20804	NA20804	0.0045681	-0.0632427	0.0414829	-0.0720837	0.0195818	0.00892958	-0.0174029	-0.0339036	0.049405	-0.0406823	27.4287308246524
NA20805	NA20805	0.0173472	-0.0641743	0.0321046	-0.0798048	0.0752808	-0.0127159	-0.00384804	-0.0085937	-0.00802431	0.00968062	49.9031312292081
NA20806	NA20806	0.0185787	-0.0602977	0.0243203	-0.0699019	0.0382991	0.00470139	-0.0259145	0.0263427	0.0799452	-0.0113567	35.1740465545219
NA20807	NA20807	0.0199876	-0.0558255	0.0260232	-0.0491453	0.0367541	-0.00730171	-0.0200723	0.0437978	-0.0170083	-0.133647	27.1107570656462
NA20808	NA20808	0.0141538	-0.0623392	0.0366129	-0.0852324	0.013005	0.00875853	-0.019365	-0.0192974	0.00851226	-0.0959685	27.5035991193756
NA20809	NA20809	0.00989844	-0.0601112	0.0388904	-0.0597614	0.0169539	-0.0061644	-0.0380964	-0.0089934	-0.0469946	-0.0807843	24.35532707968
NA20810	NA20810	0.0152337	-0.0630717	0.0241529	-0.0700271	0.0468762	-0.00602211	-0.0131785	0.00841682	-0.00045431	0.0210122	26.2581080131466
NA20811	NA20811	0.00687823	-0.0577111	0.0273375	-0.0733821	0.0100339	-0.0369274	0.00973387	0.0183925	0.00748799	0.00097331	30.7316160322679
NA20812	NA20812	0.00925529	-0.0585592	0.0313503	-0.0703115	0.0207681	-0.0083454	-0.0111497	-0.0594406	0.0323265	0.0657919	23.3340147983721
NA20813	NA20813	0.00848537	-0.0613224	0.0357303	-0.0752052	0.0049718	-0.0135414	-0.0152381	0.0130397	-9.20824e-06	-0.0142536	23.3590937887921
NA20814	NA20814	0.00578891	-0.0559066	0.0321042	-0.0738926	0.0219901	-0.00560409	0.000630511	-0.0075179	0.0184721	-0.0090682	25.9797832799834
NA20815	NA20815	0.00853044	-0.0584042	0.0309449	-0.0675295	0.0219428	0.00840455	-0.0193869	-0.0161073	0.0693709	-0.0539359	15.5590352064424
NA20816	NA20816	0.00126311	-0.0630912	0.030085	-0.0944162	0.00665697	-0.000892646	0.0116559	0.00435584	-0.0529635	-0.0651347	20.3290922192202
NA20819	NA20819	0.0281125	-0.04327	0.0106084	-0.0428222	0.0900302	-0.0252548	-0.0393372	-0.00908259	-0.00430473	-0.0160663	27.2110074738122
NA20826	NA20826	0.00845739	-0.0604363	0.0364944	-0.0738059	0.0280944	0.00125691	-0.028393	-0.00772841	-0.0592064	-0.0758606	19.2644578483798
NA20828	NA20828	0.0058474	-0.0634307	0.0354383	-0.06863	0.0436759	-0.0249301	-0.0443971	-0.000918696	-0.109022	-0.0572754	29.1619084198284
