pheno_gene	pheno_chr	SNP_CHR	SNP	BP	A1	BETA	STAT	P	NMISS	q_bh
ERAP2	5	5	rs1019503	96254817	A	14.4	27.6	5.822e-91	373	1.08257443636e-86
ERAP2	5	5	rs1056893	96245439	C	14.4	27.6	5.822e-91	373	1.08257443636e-86
ERAP2	5	5	rs1230381	96254209	G	14.4	27.6	5.822e-91	373	1.08257443636e-86
ERAP2	5	5	rs1230382	96254354	A	14.4	27.6	5.822e-91	373	1.08257443636e-86
ERAP2	5	5	rs2248374	96235896	A	14.4	27.6	5.822e-91	373	1.08257443636e-86
ERAP2	5	5	rs2255546	96249115	C	14.4	27.6	5.822e-91	373	1.08257443636e-86
ERAP2	5	5	rs2287988	96237326	G	14.4	27.6	5.822e-91	373	1.08257443636e-86
ERAP2	5	5	rs2548538	96232142	T	14.4	27.6	5.822e-91	373	1.08257443636e-86
ERAP2	5	5	rs2549782	96231000	G	14.4	27.6	5.822e-91	373	1.08257443636e-86
ERAP2	5	5	rs2549796	96245343	C	14.4	27.6	5.822e-91	373	1.08257443636e-86
ERAP2	5	5	rs2549797	96245518	A	14.4	27.6	5.822e-91	373	1.08257443636e-86
ERAP2	5	5	rs2112974	96313108	A	14.23	27.07	6.546e-89	373	8.9261256e-85
ERAP2	5	5	rs2113050	96314502	G	14.23	27.07	6.546e-89	373	8.9261256e-85
ERAP2	5	5	rs27292	96356980	A	14.23	27.07	6.546e-89	373	8.9261256e-85
ERAP2	5	5	rs27305	96333334	G	14.23	27.07	6.546e-89	373	8.9261256e-85
ERAP2	5	5	rs248215	96370879	G	14.26	26.53	7.953e-87	373	1.0166916375e-82
ERAP2	5	5	rs2549781	96230122	G	14.11	26.15	2.621e-85	373	3.15352552941e-81
ERAP2	5	5	rs6879678	96319930	C	14.04	26.01	8.92e-85	373	1.01360933333e-80
ERAP2	5	5	rs2617434	96271638	G	14.3	25.94	1.746e-84	373	1.87961494737e-80
ERAP2	5	5	rs9127	96372165	G	13.59	23.38	2.909e-74	373	2.9750343e-70
LNPEP	5	5	rs248215	96370879	G	-0.6865	-4.987	9.556e-07	373	0.009307544
LNPEP	5	5	rs6879678	96319930	C	-0.6715	-4.913	1.36e-06	373	0.0122239563158
LNPEP	5	5	rs2549781	96230122	G	-0.672	-4.903	1.43e-06	373	0.0122239563158
LNPEP	5	5	rs2112974	96313108	A	-0.6656	-4.869	1.68e-06	373	0.0122239563158
LNPEP	5	5	rs2113050	96314502	G	-0.6656	-4.869	1.68e-06	373	0.0122239563158
LNPEP	5	5	rs27292	96356980	A	-0.6656	-4.869	1.68e-06	373	0.0122239563158
LNPEP	5	5	rs27305	96333334	G	-0.6656	-4.869	1.68e-06	373	0.0122239563158
LNPEP	5	5	rs1019503	96254817	A	-0.6612	-4.805	2.271e-06	373	0.0122239563158
LNPEP	5	5	rs1056893	96245439	C	-0.6612	-4.805	2.271e-06	373	0.0122239563158
LNPEP	5	5	rs1230381	96254209	G	-0.6612	-4.805	2.271e-06	373	0.0122239563158
LNPEP	5	5	rs1230382	96254354	A	-0.6612	-4.805	2.271e-06	373	0.0122239563158
LNPEP	5	5	rs2248374	96235896	A	-0.6612	-4.805	2.271e-06	373	0.0122239563158
LNPEP	5	5	rs2255546	96249115	C	-0.6612	-4.805	2.271e-06	373	0.0122239563158
LNPEP	5	5	rs2287988	96237326	G	-0.6612	-4.805	2.271e-06	373	0.0122239563158
LNPEP	5	5	rs2548538	96232142	T	-0.6612	-4.805	2.271e-06	373	0.0122239563158
LNPEP	5	5	rs2549782	96231000	G	-0.6612	-4.805	2.271e-06	373	0.0122239563158
LNPEP	5	5	rs2549796	96245343	C	-0.6612	-4.805	2.271e-06	373	0.0122239563158
LNPEP	5	5	rs2549797	96245518	A	-0.6612	-4.805	2.271e-06	373	0.0122239563158
LNPEP	5	5	rs2617434	96271638	G	-0.6602	-4.727	3.264e-06	373	0.0171184246154
LNPEP	5	5	rs9127	96372165	G	-0.645	-4.673	4.188e-06	373	0.021415338
